Element,Symbol,AtomicNumber,Group,StateAtSTP,DiscoveryYear,Discoverer,KeyProperty
Hydrogen,H,1,Nonmetal,Gas,1766,Henry Cavendish,Most abundant chemical substance in the universe.
Helium,He,2,Noble Gas,Gas,1868,Janssen and Lockyer,Lightest noble gas and non-reactive.
Lithium,Li,3,Alkali Metal,Solid,1817,Johan August Arfwedson,Least dense of all solid elements.
Carbon,C,6,Nonmetal,Solid,Ancient,Unknown,Forms the basis for all known organic life.
Nitrogen,N,7,Nonmetal,Gas,1772,Daniel Rutherford,Makes up about 78 percent of Earth's atmosphere.
Oxygen,O,8,Reactive Nonmetal,Gas,1774,Joseph Priestley,Essential for respiration of most living organisms.
Sodium,Na,11,Alkali Metal,Solid,1807,Humphry Davy,Highly reactive metal that is stored in oil.
Iron,Fe,26,Transition Metal,Solid,Ancient,Unknown,Most common element on Earth by mass forming the core.
Gold,Au,79,Transition Metal,Solid,Ancient,Unknown,Highly resistant to chemical reactions and valuable.
